Section #,Section,Field Key,Label,Required Today,Input Type,Options,Keep / Remove / Edit,Owner Role (LO / LOA / MLP / Proc),MLP Verifies? (Y/N),Notes
1,Loan Snapshot + Investor / Product,dt,Date,Y,input,,,,,
1,Loan Snapshot + Investor / Product,cln,Client Last Name,Y,input,,,,,
1,Loan Snapshot + Investor / Product,ln,Loan Number,Y,input,,,,,
1,Loan Snapshot + Investor / Product,pur,Purpose,Y,pill,Purchase | Rate/Term Refi | Cash-Out Refi,,,,
1,Loan Snapshot + Investor / Product,pp,Purchase Price ($),Y,input,,,,,
1,Loan Snapshot + Investor / Product,cop,Cash-Out Proceeds ($),Y,input,,,,,
1,Loan Snapshot + Investor / Product,cor,Cash-Out Reason,Y,input,,,,,
1,Loan Snapshot + Investor / Product,amort,Amortization,Y,pill,Fixed | ARM | I/O ARM,,,,
1,Loan Snapshot + Investor / Product,fip,Fully Indexed Payment Used?,Y,yn,,,,,
1,Loan Snapshot + Investor / Product,qfa,Qualified at Fully Amortized?,Y,yn,,,,,
1,Loan Snapshot + Investor / Product,la,Loan Amount ($),Y,input,,,,,
1,Loan Snapshot + Investor / Product,av,Appraised Value ($),Y,input,,,,,
1,Loan Snapshot + Investor / Product,ltv,LTV (%),Y,input,,,,,
1,Loan Snapshot + Investor / Product,cltv,CLTV (%),Y,input,,,,,
1,Loan Snapshot + Investor / Product,dscr,DSCR Ratio,Y,input,,,,,
1,Loan Snapshot + Investor / Product,st1,Subject Property Address: Street,Y,input,,,,,
1,Loan Snapshot + Investor / Product,st2,Subject Property Address: Street 2 (optional),Y,input,,,,,
1,Loan Snapshot + Investor / Product,city,Subject Property Address: City,Y,input,,,,,
1,Loan Snapshot + Investor / Product,zip,Subject Property Address: Zip,Y,input,,,,,
1,Loan Snapshot + Investor / Product,state,Subject Property Address: state,Y,input,,,,,
1,Loan Snapshot + Investor / Product,pr,Investor / Product (select; grouped Class A/B/C),Y,select,Driven by PR[type] list,,,,
2,Borrower & Entity Details,dArt,Docs Collected: Articles,Y,checkbox (multi),,,,,
2,Borrower & Entity Details,dOA,Docs Collected: Operating Agreement,Y,checkbox (multi),,,,,
2,Borrower & Entity Details,dEIN,Docs Collected: EIN,Y,checkbox (multi),,,,,
2,Borrower & Entity Details,vest,Vesting,Y,pill,Individual | LLC | Trust,,,,
2,Borrower & Entity Details,llcN,LLC Name,Y,input,,,,,
2,Borrower & Entity Details,llcS,State of Formation,Y,input,,,,,
2,Borrower & Entity Details,llcR,Registered in Property State?,Y,yn,,,,,
2,Borrower & Entity Details,llcO,Ownership %,Y,input,,,,,
2,Borrower & Entity Details,llcA,Active on SOS?,Y,yn,,,,,
2,Borrower & Entity Details,llcM,Other Members?,Y,yn,,,,,
2,Borrower & Entity Details,llcSg,All Signed?,Y,yn,,,,,
2,Borrower & Entity Details,llcPG,PG Applicable?,Y,yn,,,,,
2,Borrower & Entity Details,fti,First-Time Investor?,Y,yn,,,,,
2,Borrower & Entity Details,prv,Primary Residence Verified?,Y,yn,,,,,
2,Borrower & Entity Details,lrf,Living Rent-Free?,Y,yn,,,,,
2,Borrower & Entity Details,jobChg,Plan to retire or change jobs in next 90 days?,Y,yn,,,,,
2,Borrower & Entity Details,cit,Citizenship,Y,input,,,,,
2,Borrower & Entity Details,cv,Complete Vesting,Y,input,,,,,
2,Borrower & Entity Details,ftb,First-Time Homebuyer?,Y,yn,,,,,
3,Subject Property Details,pt,Property Type,Y,input,,,,,
3,Subject Property Details,hoa,HOA?,Y,yn,,,,,
3,Subject Property Details,hoaA,HOA Amount ($/mo),Y,input,,,,,
3,Subject Property Details,rType,Rental Type,Y,pill,Long-Term Rental | Short-Term Rental,,,,
3,Subject Property Details,strS,STR Data Source,Y,input,,,,,
3,Subject Property Details,strC,STR Confirmed?,Y,yn,,,,,
3,Subject Property Details,r1007,1007 Rent ($),Y,input,,,,,
3,Subject Property Details,heT,Product Type,Y,pill,HELOAN (Fixed) | HELOC (Revolving),,,,
3,Subject Property Details,occ,Occupancy,Y,pill,Primary | Second Home | Investment,,,,
3,Subject Property Details,l1Bal,Existing 1st Lien Balance ($),Y,input,,,,,
3,Subject Property Details,l1Rate,1st Lien Rate (%),Y,input,,,,,
3,Subject Property Details,l2Amt,Requested 2nd Lien Amount ($),Y,input,,,,,
3,Subject Property Details,lPos,Lien Position,Y,pill,1st Lien | 2nd Lien,,,,
3,Subject Property Details,drawP,Draw Period,Y,pill,3 Year | 5 Year | 10 Year,,,,
3,Subject Property Details,initDraw,Initial Draw % of Line,Y,input,,,,,
3,Subject Property Details,subord,Subordination Required?,N,yn,,,,,
3,Subject Property Details,lst6,Listed in Last 6 Months?,Y,yn,,,,,
3,Subject Property Details,vac,Vacant?,Y,yn,,,,,
3,Subject Property Details,vPlan,Lease-Up / Marketability Plan,Y,textarea,,,,,
3,Subject Property Details,noo,Non-Owner Occupied?,Y,yn,,,,,
3,Subject Property Details,rur,Rural?,Y,yn,,,,,
3,Subject Property Details,rAcre,Acreage,Y,input,,,,,
3,Subject Property Details,rComp,Rural Comps?,Y,yn,,,,,
3,Subject Property Details,flood,Is the property in a flood zone?,Y,yn,,,,,
3,Subject Property Details,solar,Solar panels on property?,Y,yn,,,,,
3,Subject Property Details,lava,Is the property in a lava zone?,Y,yn,,,,,
3,Subject Property Details,unpermit,Any unpermitted additions or alterations?,Y,yn,,,,,
3,Subject Property Details,addlLiens,Additional liens on the property?,Y,yn,,,,,
3,Subject Property Details,lienDetail,Lien Details,Y,textarea,,,,,
3,Subject Property Details,subLiens,Plan to subordinate any liens?,Y,yn,,,,,
4,Asset Depletion Qualification,aCk,Asset Types (select all): aCk,Y,input,,,,,
4,Asset Depletion Qualification,aRet,Asset Types (select all): aRet,Y,input,,,,,
4,Asset Depletion Qualification,aBrk,Asset Types (select all): aBrk,Y,input,,,,,
4,Asset Depletion Qualification,aTr,Asset Types (select all): aTr,Y,input,,,,,
4,Asset Depletion Qualification,aCrypto,Asset Types (select all): aCrypto,Y,input,,,,,
4,Asset Depletion Qualification,cryptoElig,Crypto Eligibility per Investor,Y,pill,Eligible (with haircut) | Excluded,,,,
4,Asset Depletion Qualification,cryptoHaircut,Crypto Haircut Discount (%),Y,input,,,,,
4,Asset Depletion Qualification,foreignAsset,Foreign-Held Assets?,N,yn,,,,,
4,Asset Depletion Qualification,tAst,Total Qualified Assets ($),Y,input,,,,,
4,Asset Depletion Qualification,depMo,Depletion Period (months),Y,pill,60 | 84 | 120 | 240 | 360,,,,
4,Asset Depletion Qualification,aInc,Calculated Monthly Income ($),Y,input,,,,,
4,Asset Depletion Qualification,aSeas,Asset Seasoning,Y,pill,30 Days | 60 Days | 90 Days,,,,
4,Bank Statement Income Qualification,stPer,Statement Period,Y,pill,12 Month | 24 Month,,,,
4,Bank Statement Income Qualification,stTyp,Statement Type,Y,pill,Business | Personal | Combined,,,,
4,Bank Statement Income Qualification,expMeth,Expense Factor Method,Y,pill,Standard 50% | CPA/EA Letter | CPA/EA P&L,,,,
4,Bank Statement Income Qualification,expRatio,Expense Ratio (%),Y,input,,,,,
4,Bank Statement Income Qualification,plNet,P&L Net Income (monthly),Y,input,,,,,
4,Bank Statement Income Qualification,calcInc,Calculated Monthly Income ($),Y,input,,,,,
4,Bank Statement Income Qualification,dti,DTI (%),Y,input,,,,,
4,Bank Statement Income Qualification,seDur,Self-Employment Duration,Y,pill,< 2 Years | 2+ Years | 5+ Years,,,,
4,Bank Statement Income Qualification,bType,Business Type,N,input,,,,,
4,Bank Statement Income Qualification,ownPct,Ownership Percentage (%),Y,input,,,,,
4,Bank Statement Income Qualification,plReq,P&L Required?,N,yn,,,,,
4,Bank Statement Income Qualification,plPrep,P&L Prepared By,Y,pill,CPA | EA (Enrolled Agent) | CTEC | Tax Preparer,,,,
4,DSCR Qualification + Rental Income,i1007,Income Source: 1007 Market Rent,Y,checkbox (multi),,,,,
4,DSCR Qualification + Rental Income,iSTR,Income Source: STR Analysis,Y,checkbox (multi),,,,,
4,DSCR Qualification + Rental Income,dR,If Below Requirement: Rate Adjustment,N,checkbox (multi),,,,,
4,DSCR Qualification + Rental Income,dDP,If Below Requirement: Larger Down Payment,N,checkbox (multi),,,,,
4,DSCR Qualification + Rental Income,dRes,If Below Requirement: Additional Reserves,N,checkbox (multi),,,,,
4,DSCR Qualification + Rental Income,appr,Appraisal Type,Y,pill,Full | AVM (if allowed),,,,
4,DSCR Qualification + Rental Income,iNR,Income Source: iNR,Y,input,,,,,
4,DSCR Qualification + Rental Income,rDSCR,Required DSCR,Y,input,,,,,
4,DSCR Qualification + Rental Income,dNR,If Below Requirement: dNR,N,input,,,,,
4,Home Equity Qualification,incDoc,Income Documentation,Y,pill,Full Doc | Bank Statement | DSCR | Asset Depletion,,,,
4,Income Documentation,dW2,Docs Provided: W-2s (1-2yr),Y,checkbox (multi),,,,,
4,Income Documentation,dPay,Docs Provided: Paystubs (30 day),Y,checkbox (multi),,,,,
4,Income Documentation,dTax,Docs Provided: Tax Returns,Y,checkbox (multi),,,,,
4,Income Documentation,d4506,Docs Provided: 4506-C,Y,checkbox (multi),,,,,
4,Income Documentation,dVOE,Docs Provided: Verbal VOE,Y,checkbox (multi),,,,,
4,Income Documentation,dBTax,Docs Provided: Business Tax Returns,Y,checkbox (multi),,,,,
4,Income Documentation,dPL,Docs Provided: YTD P&L,Y,checkbox (multi),,,,,
4,Income Documentation,iSS,Retirement Income Sources: Social Security,Y,checkbox (multi),,,,,
4,Income Documentation,iPen,Retirement Income Sources: Pension,Y,checkbox (multi),,,,,
4,Income Documentation,oIRA,Other Income Sources (select all that apply): IRA Distributions,N,checkbox (multi),,,,,
4,Income Documentation,oRoyal,Other Income Sources (select all that apply): Royalties,N,checkbox (multi),,,,,
4,Income Documentation,oDiv,Other Income Sources (select all that apply): Dividends,N,checkbox (multi),,,,,
4,Income Documentation,oRental,Other Income Sources (select all that apply): Rental Income,N,checkbox (multi),,,,,
4,Income Documentation,loanProg,Loan Program,Y,pill,Non-QM | Conventional | FHA | VA,,,,
4,Income Documentation,aus,AUS Engine,Y,pill,DU (Desktop Underwriter) | LP (Loan Prospector) | GUS (VA) | Manual Underwrite,,,,
4,Income Documentation,vaCOE,VA Certificate of Eligibility (COE),Y,yn,,,,,
4,Income Documentation,vaFundFee,VA Funding Fee Status,Y,pill,Exempt | Not Exempt,,,,
4,Income Documentation,empT,Employment Type,Y,pill,W-2 Salaried | W-2 + Bonus/Commission | Self-Employed | 1099 Contractor | Retired,,,,
4,Income Documentation,bonusAvg,Bonus/Commission Averaging,N,pill,1 Year | 2 Year Average,,,,
4,Income Documentation,taxYrs,Tax Return Years,Y,pill,1 Year | 2 Year,,,,
4,Income Documentation,hist1099,1099 History,Y,pill,1 Year | 2 Year,,,,
4,Income Documentation,expF1099,Expense Factor (%),N,input,,,,,
4,Income Documentation,i401,Retirement Income Sources: i401,Y,input,,,,,
4,Income Documentation,iAnn,Retirement Income Sources: iAnn,Y,input,,,,,
4,Income Documentation,mInc,Monthly Income ($),Y,input,,,,,
4,Income Documentation,oAlimIn,Other Income Sources (select all that apply): oAlimIn,N,input,,,,,
4,Income Documentation,oOther,Other Income Sources (select all that apply): oOther,N,input,,,,,
4,Income Documentation,csAlim,Child Support / Alimony Paid (monthly $),N,input,,,,,
4,Income Documentation,stuLoan,Student Loan Payment Calculation,N,pill,Actual Payment | 0.5% Balance | 1% Balance | IBR,,,,
4,Income Documentation,sellerConc,Seller Concessions (%),N,input,,,,,
5,Credit & Assets,fico,Credit Score,Y,input,,,,,
5,Credit & Assets,resM,Reserves (months),Y,input,,,,,
5,Credit & Assets,resV,Reserves Verified?,Y,yn,,,,,
5,Credit & Assets,resS,Source,Y,input,,,,,
5,Credit & Assets,pCr,Prior Credit Event,Y,input,,,,,
5,Credit & Assets,hH,Housing History,Y,pill,Met | Not Met,,,,
5,Credit & Assets,hm,Hard Money Payoff?,Y,yn,,,,,
5,Credit & Assets,seas,Seasoning Met?,Y,yn,,,,,
6,Compliance + Investor Notes,biz,Business Purpose Attestation,Y,yn,,,,,
6,Compliance + Investor Notes,ppp,PPP Applicable?,Y,yn,,,,,
6,Compliance + Investor Notes,pTerm,PPP Term,Y,input,,,,,
6,Compliance + Investor Notes,pType,PPP Type,Y,input,,,,,
6,Compliance + Investor Notes,pInf,Client Informed?,Y,yn,,,,,
6,Compliance + Investor Notes,impound,Currently impounding taxes and insurance?,Y,yn,,,,,
6,Compliance + Investor Notes,travel,Borrower planning travel in next 60 days?,Y,yn,,,,,
6,Compliance + Investor Notes,otherLender,Working with any other lenders?,Y,yn,,,,,
6,Compliance + Investor Notes,iNotes,Investor Notes,N,textarea,,,,,
7,Qualification Scorecard + Submission,bLTVval,LTV Value (%),Y,input,,,,,
7,Qualification Scorecard + Submission,bLTV,Bucket Strong?,Y,yn,,,,,
7,Qualification Scorecard + Submission,bCREDval,FICO Score,Y,input,,,,,
7,Qualification Scorecard + Submission,bCRED,Bucket Strong?,Y,yn,,,,,
7,Qualification Scorecard + Submission,bINCval,DTI / DSCR,Y,input,,,,,
7,Qualification Scorecard + Submission,bINC,Bucket Strong?,Y,yn,,,,,
7,Qualification Scorecard + Submission,bASTval,Reserves (months),Y,input,,,,,
7,Qualification Scorecard + Submission,risks,Risks / Issues,Y,textarea,,,,,
7,Qualification Scorecard + Submission,planB,Plan B Investor,Y,input,,,,,
7,Qualification Scorecard + Submission,planC,Plan C Investor,Y,input,,,,,
7,Qualification Scorecard + Submission,ready,Processing Readiness,Y,pill,Clean | Moderate | High Risk,,,,
7,Qualification Scorecard + Submission,sub,Submitted By,Y,input,,,,,
7,Qualification Scorecard + Submission,conf,I confirm all information is accurate and complete.,Y,checkbox,,,,,
7,Qualification Scorecard + Submission,bAST,Assets Bucket Strong?,Y,yn,,,,,
7,Qualification Scorecard + Submission,cmts,Comments (optional),N,textarea,,,,,
